8.23900032,98.26999664,4.53000021,1.67999995,1.16999996
8.18830013,93.45999908,0.36000001,1.67999995,1.16999996
8.30830002,93.55999756,0.47,1.67999995,1.16999996
8.35029984,93.90000153,0.91000003,1.74000001,1.13
8.30340004,94.01000214,0.94999999,1.74000001,1.13
8.30599976,93.47000122,1,1.74000001,1.13
8.30119991,93.37000275,0.86000001,1.74000001,1.13
8.28170013,93.37000275,1.01999998,1.74000001,1.13
8.1704998,93.06999969,0.47,1.46000004,1.38999999
8.12860012,93.90000153,0.51999998,1.46000004,1.38999999
7.85699987,92.45999908,1.83000004,1.41999996,1.21000004
7.68769979,92.41000366,1.82000005,1.41999996,1.21000004
7.53249979,92.43000031,1.77999997,1.41999996,1.21000004
7.37130022,92.48000336,1.79999995,1.41999996,1.21000004
7.19540024,92.30999756,1.88,1.41999996,1.21000004
7.00549984,92.59999847,2.03999996,1.41999996,1.21000004
6.85340023,92.55000305,2.23000002,1.41999996,1.21000004
6.71379995,92.52999878,2.50999999,1.41999996,1.21000004
6.55649996,92.48000336,2.95000005,1.41999996,1.21000004
6.44999981,92.15000153,3.6099999,1.41999996,1.21000004
7.13770008,95.75,0.51999998,1.57000005,0.82999998
8.27540016,95.58999634,2.55999994,1.57000005,0.82999998
8.42930031,95.76000214,2.86999989,1.57000005,0.82999998
8.60109997,95.79000092,3.36999989,1.57000005,0.82999998
8.76399994,95.84999847,3.73000002,1.57000005,0.82999998
8.91650009,95.94000244,4.0999999,1.57000005,0.82999998
9.05550003,96.09999847,4.48999977,1.57000005,0.82999998
8.1487999,95.45999908,2.24000001,1.57000005,0.82999998
8.14750004,95.58999634,2.26999998,1.57000005,0.82999998
8.16889954,95.45999908,2.29999995,1.57000005,0.82999998
8.17150021,95.58000183,2.19000006,1.57000005,0.82999998
8.18840027,95.37999725,2.25999999,1.57000005,0.82999998
8.19639969,95.65000153,2.3499999,1.57000005,0.82999998
8.20370007,95.55999756,2.44000006,1.57000005,0.82999998
8.21679974,95.61000061,2.41000009,1.57000005,0.82999998
8.14120007,93.37000275,0.44,1.74000001,1.24000001
8.11120033,93.22000122,0.62,1.74000001,1.24000001
8.17039967,93.12000275,1.24000001,1.74000001,1.24000001
8.0223999,93.55000305,0.92000002,1.74000001,1.24000001
7.94820023,91.45999908,1.65999997,1.77999997,1.62
8.17310047,93.43000031,1.96000004,1.48000002,1.25999999
8.19779968,93.16000366,2.42000008,1.48000002,1.25999999
8.20800018,93.26999664,2.76999998,1.48000002,1.25999999
8.23509979,93.15000153,3.18000007,1.48000002,1.25999999
8.08100033,93.68000031,0.44,1.69000006,1.16999996
7.94369984,94.20999908,1.97000003,1.70000005,1.45000005
7.67549992,94.29000092,2.16000009,1.70000005,1.45000005
7.71320009,93.66999817,0.41999999,1.54999995,1.33000004
7.45769978,93.33000183,0.69,0.67000002,1.15999997
8.00059986,92.87999725,1.14999998,0.67000002,1.15999997
8.05410004,94.98000336,0.49000001,0.81,1.07000005
8.07279968,95,0.98000002,0.81,1.07000005
7.80280018,94.54000092,1.70000005,0.81,1.07000005
7.81580019,94.58999634,0.60000002,0.81,1.07000005
7.78060007,93.83999634,0.38,0.67000002,1.03999996
8.07549953,93.98000336,1.22000003,0.67000002,1.03999996
7.64039993,94.26999664,1.52999997,0.67000002,1.03999996
7.5763998,93.59999847,0.51999998,0.81,1.22000003
8.16800022,96.26000214,1.58000004,0.80000001,0.94
8.16450024,96.12999725,1.65999997,0.80000001,0.94
8.16380024,96.11000061,1.61000001,0.80000001,0.94
8.22990036,96.61000061,1.48000002,0.80000001,0.94
8.24330044,96.51999664,1.5,0.80000001,0.94
8.23820019,96.5,1.45000005,0.80000001,0.94
8.23130035,95.22000122,0.54000002,0.83999997,1.08000004
8.22789955,95.41000366,0.52999997,0.83999997,1.08000004
8.23989964,95.20999908,0.51999998,0.83999997,1.08000004
8.22980022,95.41999817,0.52999997,0.83999997,1.08000004
8.24050045,95.30000305,0.52999997,0.83999997,1.08000004
8.24339962,93.27999878,0.63,0.83999997,1.08000004
8.50689983,94.48999786,0.41999999,1.36000001,1.19000006
8.80690002,96.66000366,3.50999999,0.11,0.49000001
7.56139994,96.40000153,3.28999996,0.11,0.49000001
8.62839985,100,1.05999994,0.11,0.49000001
8.59500027,94.05999756,0.5,1.39999998,1.14999998
8.51420021,93.87999725,0.38999999,1.21000004,1.21000004
8.56270027,94.04000092,0.41999999,1.41999996,1.17999995
8.57139969,94.19999695,0.44,1.34000003,1.13999999
9.92689991,93.62000275,1.80999994,1.34000003,1.13999999
9.91779995,94.98999786,0.37,1.46000004,0.91000003
9.88879967,94.94000244,0.41999999,1.42999995,0.93000001
9.41870022,95.01999664,1.75999999,1.45000005,0.91000003
9.46959972,94.77999878,0.44999999,1.57000005,1.15999997
9.08520031,94.83000183,1.09000003,1.57000005,1.15999997
8.99269962,94.41999817,0.47999999,1.53999996,1.22000003
7.84870005,95.87000275,0.56,0.70999998,0.34999999
8.2507,96,0.47,0.95999998,0.5
10.0237999,92.94000244,0.63,1.37,1.5
8.28969955,97.72000122,2.5,1.75,1.17999995
7.08760023,97.73000336,2.27999997,1.67999995,0.93000001
7.21460009,100.1699982,0.69,1.75,0.64999998
9.06019974,100.6800003,2.49000001,1.75,0.64999998
8.89960003,95.26000214,0.40000001,1.09000003,0.91000003
7.96430016,97.76999664,0.50999999,1.27999997,0.66000003
8.95699978,97.73000336,5.57000017,1.20000005,0.87
7.43109989,98.47000122,1.49000001,1.20000005,0.61000001
7.5783,98.52999878,0.47,1.26999998,0.46000001
7.79029989,98.06999969,3.78999996,0.86000001,0.57999998
7.65549994,94.58000183,0.54000002,0.77999997,1.01999998
8.69999981,92.16999817,5.55999994,1.16999996,1.14999998
8.67459965,97.5,0.5,1.48000002,1.07000005
8.49680042,100.0699997,3.6400001,1.09000003,0.83999997
8.62580013,97.29000092,0.5,1.08000004,0.68000001
8.48760033,97.01000214,3.18000007,1.71000004,0.81
8.40270042,99,0.60000002,1.65999997,0.75
9.05350018,99.52999878,5.75,1.64999998,1.13
9.06529999,92.61000061,0.40000001,1.49000001,1.41999996
8.34220028,95.69999695,0.44,1.24000001,0.83999997
9.94169998,93.69999695,2.99000001,0.81999999,0.93000001
9.87450027,95.12000275,0.62,0.86000001,1.11000001
9.01570034,96.48999786,2.11999989,1.23000002,1.16999996
10.35770035,94.23999786,1.38999999,1.47000003,1.09000003
10.25969982,93.44999695,0.34,1.38,1.34000003
8.63829994,94.15000153,0.73000002,1.38,1.34000003
7.01420021,92.02999878,6.57000017,1.45000005,0.88999999
7.04949999,93.34999847,3.9000001,1.45000005,0.88999999
7.03179979,98.55999756,0.41,1.42999995,0.47999999
9.74059963,97.83999634,4.0999999,1.57000005,1.02999997
9.64700031,93.69000244,1.60000002,1.00999999,1.11000001
9.71580029,95.70999908,0.38,1.00999999,0.97000003
8.43369961,98.23000336,0.52999997,1.12,0.88
9.24419975,99.01999664,3.47000003,1.59000003,0.81999999
9.24090004,95.76000214,0.44,1.42999995,0.81
9.61019993,97.15000153,2.30999994,1.03999996,0.94999999
9.68150043,94.61000061,0.44,1.12,1.01999998
7.74779987,92.95999908,4.98000002,1.48000002,1.11000001
7.73140001,97.54000092,0.52999997,1.38,0.79000002
8.0163002,98.58999634,0.43000001,1.62,0.47999999
8.69209957,94.25,3.6400001,1.10000002,0.83999997
8.70629978,98.48999786,0.38,1.14999998,0.60000002
6.93669987,96.88999939,0.63,1.00999999,0.63
8.22019958,93.97000122,3.95000005,0.94999999,0.51999998
8.17619991,97.23999786,0.5,1.10000002,0.63999999
8.39350033,98.91999817,4.42000008,1.11000001,0.72000003
8.35289955,94.30000305,0.66000003,1.01999998,1.04999995
8.53999996,92.79000092,4.15999985,0.98000002,0.92000002
8.63749981,98.08000183,0.46000001,1.05999994,0.54000002
9.40629959,92.63999939,0.72000003,1.5,1.38999999
6.78989983,92.40000153,6.65999985,1.40999997,1.19000006
6.99940014,98.20999908,0.5,1.02999997,0.36000001
8.20170021,96.81999969,2.97000003,1.02999997,0.36000001
8.11760044,98.31999969,0.47999999,1.17999995,0.52999997
7.94570017,98.54000092,2.67000008,1.51999998,0.69
8.01480007,99.37000275,0.76999998,1.67999995,0.52999997
9.74540043,101.0500031,6.9000001,1.50999999,0.51999998
9.50209999,93.73000336,0.75,1.41999996,1.21000004
9.04310036,92.47000122,2.24000001,1.84000003,1.36000001
9.1328001,94.16000366,0.34,1.70000005,1.10000002
7.66069984,94.88999939,4.94000006,1.21000004,0.92000002
9.25629997,93.51000214,0.51999998,1.01999998,1.35000002
10.14710045,93.37000275,1.37,0.88999999,1.23000002
10.19019985,93.91999817,0.41,0.87,1.16999996
8.83430004,92.36000061,4.51000023,1.13,0.94999999
9.51749992,93.11000061,1.64999998,0.75,1.32000005
7.16050005,91.25,5.94999981,1.21000004,0.86000001
7.15689993,98.19999695,0.56,1.40999997,0.40000001
7.98199987,97.04000092,5.53000021,1,0.63
7.99720001,97,0.57999998,1.14999998,0.97000003
8.64560032,96.34999847,0.41,1.71000004,0.67000002
8.11699963,97.08000183,1.30999994,1.63999999,0.66000003
7.93860006,95.86000061,0.34999999,1.27999997,0.88999999
9.27740002,95.11000061,2.25,1.37,1.34000003
9.23519993,93.01000214,0.50999999,1.28999996,1.49000001
8.59959984,93.59999847,2.25999999,1.11000001,1.01999998
8.72539997,96.06999969,0.31,1.38999999,0.77999997
7.2519002,97.16000366,3.78999996,1.25,0.49000001
7.19390011,97.34999847,0.55000001,1.15999997,0.28
8.97360039,99.62999725,0.41,1.32000005,0.2
9.59570026,96.55999756,0.41,1.49000001,0.87
8.29819965,95.97000122,1.76999998,1.34000003,0.69999999
8.29629993,97.08999634,0.41999999,1.40999997,0.62
8.7972002,96.22000122,0.44,1.51999998,0.73000002
9.41209984,95.40000153,1.55999994,1.21000004,0.89999998
9.31439972,94.26000214,0.46000001,0.89999998,0.95999998
8.22700024,95.58000183,0.46000001,1.25999999,0.88999999
8.81299973,96.23999786,2.41000009,1.01999998,0.69
8.81019974,96.80000305,0.38999999,1.00999999,0.62
9.22130013,98.05999756,4.73000002,0.88999999,1.07000005
7.81570005,97.68000031,2.29999995,1.48000002,0.97000003
7.7723999,95.23000336,0.40000001,1.36000001,1.01999998
7.98010015,94.65000153,2.17000008,1.15999997,0.88
8.01439953,96.38999939,0.56,1.25,0.82999998
7.99709988,95.95999908,0.56,1.22000003,0.87
8.94400024,93.30999756,0.47,1.63999999,1.52999997
8.28590012,95.33999634,0.5,1.41999996,1.27999997
9.69750023,93.25,0.46000001,1.41999996,1.24000001
8.38580036,94.19000244,1.13999999,1.41999996,1.24000001
7.97529984,94.44999695,0.56,1.00999999,0.94999999
9.02079964,93.58999634,1.76999998,1.00999999,0.94999999
9.00689983,95.84999847,0.47,1.09000003,0.76999998
6.94280005,93.93000031,3,1.09000003,0.76999998
6.98979998,99.47000122,0.69999999,1.28999996,0.36000001
5.95179987,94.83000183,0.98000002,0.86000001,1.23000002
9.38650036,92.73000336,3.00999999,1.32000005,1.04999995
9.35620022,96.33000183,0.43000001,1.24000001,0.91000003
8.63269997,95.94999695,2.63000011,0.88,1
8.69349957,94.30999756,0.47,0.88999999,1.11000001
9.0866003,93.87000275,3.04999995,1.12,0.72000003
9.04179955,97.83999634,0.44,1.28999996,0.62
7.68839979,98.05000305,2.58999991,1.13999999,0.88999999
7.64989996,93.77999878,2.9000001,1.08000004,0.44999999
7.7020998,98.72000122,0.5,1.38999999,0.36000001
9.47000027,99.80000305,3.6500001,1.38999999,0.67000002
9.33269978,94.37999725,0.47,1.32000005,1.07000005
9.25119972,93.84999847,2.1500001,1.07000005,1.63
9.19729996,92.81999969,1.96000004,0.88999999,1.45000005
8.99139977,92.13999939,2.81999993,0.91000003,1.17999995
9.2159996,91.63999939,4.11999989,0.91000003,1.17999995
8.42059994,93.51000214,2.18000007,1.13999999,1.17999995
8.46109962,95.79000092,0.38999999,0.98000002,0.87
9.50389957,95.54000092,0.41,1.5,1.00999999
8.58430004,95.47000122,2.16000009,1.5,1.00999999
8.5916996,97.51000214,0.46000001,1.59000003,0.75999999
8.6388998,94.5,0.41,1.27999997,1.14999998
9.68939972,93.90000153,1.38999999,1.27999997,1.14999998
9.7208004,94.51000214,0.40000001,1.39999998,1.04999995
9.69810009,94.22000122,0.46000001,1.36000001,1.08000004
10.16399956,94.83999634,1.17999995,1.36000001,1.08000004
10.13640022,93.23999786,0.44999999,1.49000001,1.35000002
9.46609974,93.25,3.25,1.49000001,1.35000002
9.63319969,97.87999725,0.44,1.08000004,0.41
8.66390038,97.95999908,1.52999997,1.08000004,0.41
8.44130039,94.80999756,0.47999999,1.02999997,0.77999997
10.0618,94.44000244,1.03999996,1.02999997,0.77999997
10.09959984,93.36000061,0.34999999,1.53999996,1.25
6.00239992,92.54000092,5.07999992,1.44000006,1.19000006
8.92800045,94.05999756,0.46000001,1.55999994,1.19000006
8.13199997,93.31999969,3.11999989,1.55999994,1.19000006
8.11180019,95.56999969,0.44999999,1.04999995,0.47999999
9.26159954,94.87000275,0.46000001,1.69000006,0.94
8.53339958,92.97000122,1.95000005,1.69000006,0.94
8.23519993,94.84999847,0.69999999,1.17999995,1.05999994
8.80319977,93.41999817,3.43000007,1.17999995,1.05999994
8.85270023,95.37000275,0.49000001,1.08000004,0.76999998
7.00220013,93.83000183,0.56999999,0.98000002,0.73000002
6.54920006,96.23999786,3.82999992,0.98000002,0.73000002
6.62650013,99.51000214,0.69,1.77999997,0.51999998
7.27880001,100.2399979,3.3900001,1.77999997,0.51999998
7.24230003,98.06999969,0.46000001,1.49000001,0.36000001
8.73139954,92.26999664,0.98000002,1.49000001,0.36000001
7.65719986,98.29000092,1.03999996,1.07000005,0.30000001
7.6164999,95.02999878,0.25999999,1.59000003,0.74000001
9.31610012,92.55999756,0.44999999,1.91999996,1.09000003
7.12190008,91.30999756,2.98000002,1.91999996,1.09000003
8.24510002,95.05999756,1.5,1.49000001,0.88
8.29920006,96.13999939,0.38,1.60000002,0.69999999
7.38210011,96.94000244,6.01999998,1.60000002,0.69999999
5.51870012,98.95999908,0.44999999,0.76999998,0.40000001
8.55690002,99.5,3.29999995,0.76999998,0.40000001
8.63819981,96.55000305,0.28999999,0.95999998,0.76999998
7.93370008,95.88999939,1.05999994,0.95999998,0.76999998
9.65040016,95.25,1.29999995,1.16999996,0.79000002
7.60559988,94.37999725,2.8499999,0.81,1.02999997
7.65040016,96.51999664,0.30000001,0.98000002,0.69999999
7.46829987,96.66999817,0.92000002,0.98000002,0.69999999
7.48169994,96.18000031,0.22,0.91000003,0.63999999
8.27770042,93.77999878,5.44999981,0.91000003,0.63999999
8.17150021,93.43000031,0.40000001,1.79999995,1.25
8.03779984,94.86000061,4.13999987,1.79999995,1.25
10.0862999,98.59999847,2.78999996,1.07000005,0.23
9.87829971,94.34999847,0.37,1.07000005,0.99000001
8.12650013,92.83999634,2.28999996,1.07000005,0.99000001
8.2578001,94.16000366,0.28,1.48000002,0.97000003
8.06529999,93.63999939,2.49000001,1.48000002,0.97000003
8.13640022,96.43000031,0.33000001,1.57000005,0.69
6.78719997,98.05999756,1.62,1.57000005,0.69
6.76520014,96.19999695,0.33000001,1.13,0.56999999
8.19130039,93.63999939,0.31,1.87,0.83999997
7.01760006,96.73999786,1.25999999,0.92000002,0.38
6.99030018,95.90000153,0.43000001,1.32000005,0.34999999
8.07089996,90.11000061,5.69999981,2.21000004,1.50999999
8.29810047,96.04000092,0.28,1.25999999,0.58999997
8.6257,92.68000031,0.34999999,1.29999995,1.24000001
8.58279991,92.66000366,0.66000003,1.29999995,1.24000001
8.99139977,91.65000153,2.27999997,1.29999995,1.24000001
9.09049988,94.13999939,0.43000001,1.46000004,1.01999998
9.3494997,96.12999725,3.4000001,1.46000004,1.01999998
9.30580044,93.84999847,0.5,1.34000003,1.00999999
7.19519997,91.56999969,4.46000004,1.34000003,1.00999999
7.18249989,99.48000336,0.28999999,1.40999997,0.5
8.08790016,97.93000031,2.13000011,1.91999996,0.50999999
8.0302,97.62000275,0.20999999,1.75,0.47
8.05430031,98.62999725,0.27000001,1.42999995,0.37
7.6571002,98.12000275,6.19000006,1.52999997,0.95999998
7.67579985,100.6500015,6.67999983,0.80000001,0.69
5.65350008,91.33000183,7.8499999,1.23000002,1.07000005
7.43669987,98.76000214,0.38999999,1.74000001,0.66000003
7.45289993,99.77999878,0.47,1.40999997,0.50999999
7.4684,99.69000244,0.47,1.62,0.55000001
7.4843998,100.6800003,0.69,1.28999996,0.63
8.02750015,95.54000092,0.46000001,0.77999997,0.64999998
9.21329975,94.44000244,0.47999999,1.69000006,0.92000002
9.22840023,95.63999939,0.31,1.35000002,0.83999997
9.02200031,93.06999969,1.26999998,2.06999993,1.23000002
7.01280022,91.19999695,4.59000015,1.05999994,0.91000003
7.15670013,96.54000092,0.41999999,1.39999998,0.38999999
7.73600006,98.22000122,2.04999995,0.93000001,0.51999998
7.65740013,95.91999817,0.30000001,0.76999998,0.76999998
8.07339954,94.87000275,1.5,1.35000002,0.86000001
8.11950016,95.05000305,0.95999998,1.19000006,0.83999997
8.1164999,94.05999756,2.33999991,1.37,0.85000002
8.08030033,95.44000244,0.22,1.55999994,0.82999998
8.13869953,98.08999634,0.63999999,0.79000002,0.61000001
8.13869953,100,0.63999999,0.79000002,0.61000001
8.14990044,96.48999786,0.69,0.75999999,0.73000002
8.05669975,94.62000275,1.52999997,1.10000002,0.73000002
7.97790003,95.11000061,0.43000001,1.14999998,0.82999998
7.3421998,94.18000031,2.24000001,1.37,0.74000001
7.39769983,97.15000153,0.23999999,1.32000005,0.43000001
10.17169952,97.91000366,4.07999992,1.19000006,0.85000002
10.19960022,93.58000183,1.22000003,1.13,1.09000003
10.18430042,93.02999878,0.75999999,1.35000002,1.14999998
10.21249962,93.79000092,0.80000001,1.02999997,1.07000005
10.22130013,93.54000092,1.66999996,1.00999999,1.11000001
10.14690018,94.48000336,0.30000001,0.86000001,1.09000003
8.55720043,92.93000031,2.55999994,1.08000004,0.89999998
8.56669998,95.58999634,0.44,1.22000003,0.72000003
9.35509968,97.87999725,4.53000021,0.88999999,0.43000001
9.29699993,94.05000305,0.41999999,1.39999998,0.91000003
6.60979986,93.31999969,4.71000004,1.07000005,0.73000002
6.52440023,97.79000092,0.25999999,0.94999999,0.54000002
8.99409962,93.27999878,1.63999999,1.61000001,1.45000005
8.59599972,93.18000031,1.14999998,1.25,1.19000006
8.70110035,93.59999847,0.64999998,1.38,1.11000001
9.62150002,91.33999634,1.25999999,1.57000005,1.28999996
7.95940018,91.48999786,5,1.71000004,0.63999999
8.07929993,100.0999985,0.28999999,0.86000001,0.55000001
8.28209972,97.08999634,0.89999998,1.62,0.36000001
8.32740021,99.94000244,1.17999995,0.82999998,0.34999999
8.28199959,98.51999664,0.36000001,0.97000003,0.28
8.20440006,97.51000214,1.39999998,1.13,0.60000002
8.15779972,96.63999939,0.44,0.97000003,0.67000002
7.72410011,94.16000366,0.75,1.69000006,0.76999998
7.7887001,96.84999847,0.81999999,0.93000001,0.56999999
9.70510006,96.80999756,4.26999998,1.22000003,0.87
9.59259987,92.79000092,0.52999997,1.42999995,1.35000002
7.72959995,100.0500031,0.34999999,0.50999999,0.25
7.87909985,97.01999664,0.27000001,1.28999996,0.63999999
8.70590019,97.62999725,6.05000019,1.46000004,1.01999998
8.62419987,95.73000336,1.21000004,1.04999995,1.28999996
8.62170029,95.16000366,1.17999995,1.04999995,1.28999996
8.3348999,91.84999847,4.94999981,1.67999995,1.24000001
8.46570015,96.16999817,0.38,1.38999999,0.64999998
8.23139954,94.77999878,2.04999995,1.40999997,0.82999998
8.26939964,97.05000305,0.44,1.38,0.77999997
7.65969992,97.73999786,2.43000007,1.60000002,0.63
7.67439985,98.75,0.28,0.64999998,0.37
7.74030018,93.81999969,3.93000007,0.73000002,0.73000002
7.60640001,96.41999817,0.38999999,0.74000001,0.69
9.26990032,96.23000336,3.41000009,1.19000006,0.91000003
9.43019962,93.69999695,1.42999995,1.29999995,1.12
8.64869976,93.12999725,3.1400001,1.05999994,0.80000001
8.56089973,95.26999664,0.31,1.13999999,0.76999998
8.56089973,95.26999664,0.31,1.13999999,0.76999998
8.53030014,93.04000092,0.83999997,1.71000004,1.38999999
8.53030014,93.04000092,0.83999997,1.71000004,1.38999999
8.51449966,93.05999756,0.83999997,1.71000004,1.39999998
8.54950047,93.58000183,0.61000001,1.69000006,1.35000002
8.54870033,92.65000153,7.78000021,1.73000002,1.38
8.58829975,95.11000061,0.31,1.22000003,0.76999998
8.20940018,93.40000153,0.89999998,1.36000001,1.07000005
8.59179974,94.19999695,1.12,1.11000001,0.97000003
8.5802002,93.81999969,1.25999999,1.07000005,1
8.57499981,93.90000153,1.21000004,1.05999994,1
8.57830048,93.88999939,1.22000003,1.05999994,1
8.60739994,94.16999817,1.05999994,1.11000001,0.97000003
9.38449955,93.37999725,2.20000005,1.16999996,0.94999999
9.31470013,93,0.44999999,1.45000005,1.10000002
9.53199959,92.19000244,1.08000004,1.71000004,1.17999995
9.64459991,93.66000366,1.17999995,1.50999999,0.94
7.06419992,93.56999969,4.48000002,0.88,0.61000001
7.06290007,98.33000183,0.43000001,1.10000002,0.52999997
8.14690018,98.98000336,4.78000021,1.62,0.82999998
8.12619972,94.63999939,0.27000001,1.66999996,0.86000001
9.93929958,91.91000366,0.31,1.51999998,1.38
6.45170021,91.26999664,4.6500001,1.03999996,0.95999998
8.21259975,91.93000031,4.17999983,1.60000002,0.88
8.18840027,95.34999847,0.34999999,1.63999999,0.67000002
8.19639969,95.41000366,0.40000001,1.63999999,0.67000002
8.23060036,95.94999695,1.26999998,1.40999997,0.58999997
10.15330029,95.75,2.32999992,1.40999997,0.91000003
10.15060043,93.08000183,1.47000003,1.38,1.04999995
6.59469986,92.76000214,4.73000002,0.87,0.63999999
6.55719995,97.69999695,0.31999999,1.02999997,0.43000001
6.55719995,97.69999695,0.31999999,1.02999997,0.43000001
9.08749962,98.52999878,4.19000006,1.35000002,0.73000002
9.30179977,98.45999908,4.01999998,1.35000002,0.72000003
9.30179977,98.45999908,4.01999998,1.35000002,0.72000003
9.30179977,98.45999908,4.01999998,1.35000002,0.72000003
9.31070042,98.5,4.05000019,1.35000002,0.73000002
9.6637001,92.29000092,3.13000011,1.80999994,1.15999997
9.65089989,93.45999908,0.30000001,1.69000006,1.03999996
7.01620007,93.68000031,3.1500001,1.09000003,0.81
7.07140017,97.40000153,0.44999999,0.91000003,0.56999999
8.18620014,98.26000214,4.28999996,1.42999995,0.77999997
8.12940025,95.26999664,0.25,1.38999999,0.77999997
10.03950024,95.20999908,2.73000002,1.47000003,1.62
9.32369995,95.80000305,2.68000007,1.22000003,0.93000001
9.65979958,92.98000336,2.16000009,1.38999999,1.08000004
9.58460045,92.87000275,0.31999999,1.58000004,1.15999997
6.96330023,93.20999908,3.22000003,0.98000002,0.91000003
6.9994998,96.69000244,0.44,1.03999996,0.75
8.16259956,97.47000122,3.53999996,1.58000004,0.83999997
8.16390038,95.45999908,0.50999999,1.34000003,0.74000001
9.98960018,91.86000061,0.36000001,1.46000004,1.34000003
6.47389984,91.37000275,4.80999994,0.95999998,0.95999998
6.51210022,97.43000031,0.23,0.88,0.51999998
6.15369987,96.98000336,3.21000004,1,0.43000001
9.27229977,91.70999908,3.27999997,1.70000005,1.17999995
9.34160042,94.65000153,0.31999999,2.1099999,0.92000002
9.05599976,92.34999847,1.65999997,1.69000006,1.64999998
8.59370041,92.16000366,5.53000021,1.61000001,1.45000005
8.51949978,92.91000366,0.47999999,1.25999999,1.15999997
9.1008997,92.41999817,2.92000008,1.27999997,1.08000004
9.28969955,96.58000183,1.10000002,1.05999994,0.70999998
7.41610003,95.69000244,3.43000007,1.12,0.69999999
7.29390001,96.30000305,0.54000002,1.02999997,0.73000002
6.85580015,93.59999847,4.11000013,1.58000004,0.67000002
6.9685998,98.43000031,0.47,1.63999999,0.47
7.37799978,94.93000031,0.28999999,1.47000003,0.72000003
8.90919971,95.90000153,6.21999979,1.27999997,0.91000003
10.2112999,93.91999817,0.41999999,1.79999995,0.95999998
8.72529984,93.76999664,0.5,1.20000005,1.15999997
8.6218996,93.41999817,1.16999996,1.27999997,1.17999995
6.00470018,91.66999817,5.8499999,0.80000001,0.73000002
6.02479982,98.97000122,0.25,0.97000003,0.25999999
7.45340014,99.34999847,0.44,1.69000006,0.66000003
8.27439976,96.20999908,0.41999999,1.01999998,0.47999999
9.52149963,96.30000305,2.50999999,1.36000001,0.73000002
9.46109962,93.76000214,1.62,1.36000001,0.73000002
8.55980015,93.30999756,0.23,1.35000002,1.19000006
9.27229977,91.70999908,3.27999997,1.70000005,1.17999995
9.34160042,94.65000153,0.31999999,2.1099999,0.92000002
9.05599976,92.34999847,1.65999997,1.69000006,1.64999998
8.59370041,92.16000366,5.53000021,1.61000001,1.45000005
8.51949978,92.91000366,0.47999999,1.25999999,1.15999997
9.1008997,92.41999817,2.92000008,1.27999997,1.08000004
9.28969955,96.58000183,1.10000002,1.05999994,0.70999998
7.41610003,95.69000244,3.43000007,1.12,0.69999999
7.29390001,96.30000305,0.54000002,1.02999997,0.73000002
6.85580015,93.59999847,4.11000013,1.58000004,0.67000002
6.9685998,98.43000031,0.47,1.63999999,0.47
7.37799978,94.93000031,0.28999999,1.47000003,0.72000003
10.2112999,93.91999817,0.41999999,1.79999995,0.95999998
8.72529984,93.76999664,0.5,1.20000005,1.15999997
8.6218996,93.41999817,1.16999996,1.27999997,1.17999995
6.00470018,91.66999817,5.8499999,0.80000001,0.73000002
6.02479982,98.97000122,0.25,0.97000003,0.25999999
7.45340014,99.34999847,0.44,1.69000006,0.66000003
8.27439976,96.20999908,0.41999999,1.01999998,0.47999999
9.52149963,96.30000305,2.50999999,1.36000001,0.73000002
9.46109962,93.76000214,1.62,1.36000001,0.73000002
8.55980015,93.30999756,0.23,1.35000002,1.19000006
8.46720028,92.47000122,4.05000019,0.88999999,1.01999998
8.40209961,95.30000305,0.28999999,0.91000003,0.75
7.10440016,94.34999847,1.40999997,1.41999996,0.68000001
7.17509985,94.69000244,0.37,1.51999998,0.55000001
8.69169998,95.12000275,2.42000008,1.11000001,0.50999999
8.69890022,96.37999725,0.38999999,1.19000006,0.57999998
8.70810032,96.05000305,1.10000002,1.53999996,0.66000003
8.69169998,96.16000366,0.46000001,1.57000005,0.80000001
9.94909954,96.65000153,3.73000002,1.64999998,1.13999999
9.86900043,91.27999878,0.40000001,1.74000001,1.47000003
8.98649979,95.01999664,3.1099999,1.53999996,0.74000001
9.0383997,95.20999908,2.53999996,1.79999995,0.98000002
9.1164999,93.43000031,1.00999999,1.67999995,1.03999996
8.77270031,94.37999725,0.87,1.03999996,0.94999999
7.62060022,92.81999969,3.08999991,0.92000002,1.13
7.53450012,93.38999939,0.37,1.13,1.38
9.16450024,92.16999817,1.24000001,1.70000005,1.5
9.19589996,92.55999756,0.47,1.74000001,1.44000006
9.00969982,94.58000183,3.16000009,1.19000006,1.12
9.09809971,94.51999664,1.00999999,0.92000002,0.85000002
8.4307003,92.37999725,5.69999981,1.23000002,0.60000002
8.43719959,98.79000092,0.30000001,1.5,0.28
7.12529993,100.0100021,2.41000009,1.13999999,0.28999999
7.17339993,98.05999756,0.37,1.08000004,0.37
9.76830006,97.37999725,3.72000003,1.61000001,0.94
9.63119984,92.13999939,0.43000001,1.63999999,1.32000005
7.98719978,92.69000244,3.91000009,1.76999998,0.68000001
8.06029987,97.55000305,0.38999999,1.70000005,0.28999999
8.21500015,97.06999969,1.87,1.55999994,0.63999999
8.11610031,95.08000183,0.19,1.51999998,0.77999997
7.83430004,96.69999695,0.76999998,0.88999999,0.60000002
7.83249998,95.83000183,0.28,1.08000004,0.68000001
7.94250011,95.69000244,0.94,1.14999998,0.77999997
7.8684001,95.5,0.25999999,0.91000003,0.81
7.42129993,94.33999634,4.94999981,1.26999998,0.41
7.50979996,99.38999939,0.46000001,1.45000005,0.56999999
7.44820023,101.1500015,3.93000007,1.23000002,0.69999999
7.24069977,95.98000336,0.23,1.25999999,0.60000002
9.4392004,95.77999878,2.28999996,1.24000001,0.88999999
9.47259998,94.83999634,0.51999998,1.01999998,0.94
6.29580021,99.40000153,0.76999998,1.88999999,0.70999998
9.04399967,103.0400009,5.34000015,1.79999995,0.73000002
8.94909954,95.20999908,0.38999999,2.1500001,0.88999999
8.27540016,94.52999878,3.70000005,2.05999994,0.69999999
8.30060005,97.27999878,0.23999999,1.75,0.31
8.87769985,98.76999664,2.22000003,1.42999995,0.31999999
8.80930042,95.76999664,0.38,1.42999995,0.62
8.8132,96.52999878,2.9000001,1.36000001,1.02999997
8.78530025,93.05999756,1.30999994,1.01999998,1.11000001
7.46659994,89.19000244,7.21000004,1.92999995,1.52999997
7.47819996,94.34999847,0.5,1.55999994,0.89999998
8.05790043,99.01999664,0.33000001,2.13000011,0.40000001
9.81630039,100.199997,6.32999992,1.99000001,0.91000003
9.67399979,91.41999817,0.43000001,1.73000002,1.35000002
9.83679962,92.13999939,1.63999999,1.71000004,1.26999998
9.84840012,93.26999664,0.44999999,1.71000004,1.23000002
7.80609989,92.33999634,4.21999979,1.69000006,0.93000001
7.86569977,96.79000092,0.28999999,1.66999996,0.52999997
9.30010033,98.05999756,2.50999999,1.41999996,0.51999998
9.30550003,95.86000061,0.34999999,1.40999997,0.70999998
7.84450006,95.31999969,2.96000004,1.38,0.52999997
7.90049982,96.22000122,0.38999999,1.5,0.28999999
7.89979982,98.44999695,1.04999995,1.03999996,0.28999999
7.87169981,98.36000061,0.37,0.95999998,0.27000001
6.81829977,97.62000275,2.48000002,0.94999999,0.47
6.77489996,95.94000244,0.31999999,0.70999998,0.57999998
9.97290039,94.18000031,4.73999977,1.41999996,1.10000002
9.85779953,92.63999939,0.50999999,1.62,1.5
8.85420036,94.44000244,2.83999991,1.23000002,1.28999996
9.00440025,93.69000244,1.42999995,1.09000003,1.01999998
7.80509996,95.44999695,0.41,1.25999999,0.85000002
8.00020027,95.88999939,3.36999989,1.23000002,0.68000001
8.11569977,97.84999847,0.43000001,1.07000005,0.28999999
8.45890045,96.77999878,3.53999996,1.10000002,0.56999999
8.80990028,95.70999908,2.6099999,2.28999996,0.92000002
8.72550011,97.26000214,0.38,1.72000003,0.72000003
7.21430016,96.26000214,0.43000001,1.84000003,0.55000001
10.1619997,96.87999725,5.32999992,1.86000001,0.94999999
10.02229977,92.01000214,0.5,2,1.49000001
8.86849976,94.33999634,1.76999998,1.97000003,1.38
8.81169987,92.47000122,0.75999999,1.98000002,1.33000004
8.26360035,92.38999939,3.53999996,1.39999998,0.94999999
8.41479969,98.27999878,1.24000001,0.98000002,0.44
6.56379986,97.30999756,2.81999993,0.95999998,0.50999999
6.63619995,100.6200028,0.28,1.38,0.69999999
6.75610018,97.51000214,0.31999999,1.53999996,0.54000002
5.78179979,100.8700028,0.34999999,1.57000005,0.64999998
7.96560001,103.8000031,6.03000021,1.61000001,0.56
7.86800003,94.94000244,0.34999999,1.35000002,0.75
8.32250023,95.70999908,0.51999998,1.03999996,0.79000002
8.57740021,95.52999878,2.1099999,1.24000001,0.75
8.48040009,94.90000153,0.19,1.42999995,0.95999998
8.5401001,96.26999664,1.5,1.22000003,0.92000002
8.65209961,95.05999756,1.04999995,1.08000004,0.81999999
8.20810032,93.37999725,3.19000006,1.36000001,0.79000002
8.0625,95.16999817,0.44,1.38999999,0.81999999
7.61289978,94.79000092,1.42999995,1.38999999,0.82999998
7.70170021,96.48999786,0.28999999,1.38999999,0.72000003
9.25660038,95.55000305,5.78999996,1.53999996,0.89999998
9.14019966,93.94999695,0.57999998,2.0999999,1.44000006
9.43239975,95.83000183,4.98999977,1.73000002,1.37
9.49530029,94.05999756,1.34000003,1.09000003,1.04999995
9.81369972,94.58000183,2.55999994,0.93000001,1.28999996
9.62310028,90.51000214,0.63,1.07000005,1.66999996
7.87410021,87.98999786,7.51999998,1.30999994,1.24000001
7.99760008,97.83000183,0.23999999,1.10000002,0.47
7.99630022,101.7399979,4.76999998,1.91999996,0.69999999
8.0866003,96.48999786,0.33000001,2.02999997,0.66000003
8.92980003,95.69999695,1.54999995,2.00999999,0.92000002
8.85700035,93.36000061,0.33000001,1.95000005,1.03999996
7.33290005,94.55999756,3.6099999,1.5,0.69999999
7.33830023,97.44000244,0.25,1.33000004,0.43000001
7.26170015,97.12999725,1.15999997,1.34000003,0.50999999
7.23089981,96.75,0.34,1.26999998,0.61000001
8.00160027,97.97000122,3.19000006,1.25,0.55000001
7.96610022,95.75,0.25,1.23000002,0.56
8.63160038,92.87999725,2.1099999,1.54999995,1.19000006
8.77019978,95.31999969,1.08000004,1.5,0.87
9.59000015,97.98999786,4.05000019,1.02999997,0.52999997
9.50389957,94.31999969,0.99000001,1.26999998,0.94999999
7.90509987,96.25,1.37,1.14999998,0.55000001
8.58769989,101.449997,3.57999992,1.5,0.51999998
8.59280014,98.98999786,0.25,1.34000003,0.30000001
8.73359966,99.37000275,1.03999996,1.34000003,0.34
7.98479986,102.3000031,2.76999998,1.55999994,0.57999998
7.92329979,97.34999847,0.25999999,1.61000001,0.37
9.58250046,97.94999695,3.22000003,1.58000004,0.81999999
9.5237999,94.44999695,0.36000001,1.50999999,1.09000003
7.82719994,97.19999695,1.16999996,1.13999999,0.5
8.64350033,96.80999756,3.32999992,1.41999996,0.77999997
8.55500031,93.58999634,0.46000001,1.57000005,1.09000003
9.78120041,93.52999878,2.22000003,1.63999999,0.88999999
9.75860023,96.16999817,0.38999999,1.60000002,0.80000001
7.90869999,97.94000244,1.88,0.85000002,0.25999999
9.69180012,97.84999847,3.5999999,0.94999999,0.47
9.53989983,97.12999725,0.47,1.15999997,0.91000003
8.64990044,95.48999786,3.98000002,1.92999995,1.12
8.52289963,96.02999878,5.32999992,1.59000003,1.02999997
8.51900005,96.62000275,0.38999999,1.19000006,0.66000003
7.71330023,92.81999969,0.40000001,1.95000005,1.29999995
9.06359959,94.06999969,3.9000001,1.92999995,1.21000004
9.05920029,93.51000214,0.36000001,1.33000004,0.92000002
8.61740017,94.15000153,1.52999997,1.27999997,1.04999995
8.58810043,94.40000153,1.13999999,0.99000001,0.99000001
8.3920002,93.38999939,5.23000002,0.87,0.73000002
8.48120022,98.55000305,0.28,0.80000001,0.37
9.19610023,95.08000183,0.44,1.76999998,1.15999997
9.55700016,91.75,0.54000002,1.99000001,1.50999999
9.47719955,91.90000153,3.66000009,1.89999998,1.55999994
9.53909969,93.51999664,1.60000002,1.08000004,1.14999998
9.94750023,92.26000214,2.53999996,1.66999996,1.04999995
9.86009979,93.87000275,0.34999999,1.96000004,1.16999996
10.44489956,93.12999725,0.47,1.75,1.21000004
7.19299984,96.12999725,0.41,0.5,0.41
6.77320004,97.98000336,0.31999999,1.40999997,0.63999999
9.28079987,91.01999664,0.62,1.12,1.55999994
7.13899994,96.33999634,0.74000001,0.56,0.47999999
8.14470005,95.01999664,0.25999999,1.34000003,0.74000001
9.00339985,95.44999695,2.52999997,1.40999997,0.76999998
9.03829956,94.76999664,1.25,1.44000006,0.88999999
9.25819969,94.11000061,2.75,1.41999996,0.88999999
9.13220024,95.55999756,0.47999999,1.5,0.95999998
10.48789978,96.15000153,3.36999989,1.49000001,1.17999995
10.55860043,93.02999878,1.39999998,1.30999994,1.22000003
8.93249989,94.19999695,0.31,1.67999995,0.94999999
10.11989975,95.68000031,2.52999997,1.48000002,1.09000003
9.99909973,92.48000336,0.46000001,1.38999999,1.37
10.65289974,93.61000061,2.3499999,1.26999998,1.42999995
10.77029991,91.44999695,0.55000001,1.60000002,1.47000003
9.5223999,90.83000183,2.25999999,1.57000005,1.47000003
9.43420029,92.09999847,0.92000002,1.30999994,1.50999999
10.09630013,92.16000366,2.55999994,1.28999996,1.47000003
10.09570026,92.73999786,0.38999999,1.10000002,1.30999994
8.08469963,91.72000122,4.15999985,1.07000005,0.98000002
8.26749992,97.37999725,1.12,0.94,0.40000001
7.73839998,95.87000275,2.31999993,1.54999995,0.44
7.63530016,96.97000122,0.44,1.59000003,0.50999999
8.68939972,97.41000366,3.66000009,1.54999995,0.89999998
8.65709972,93.30000305,0.49000001,1.66999996,1.21000004
9.07919979,94.51000214,1.38999999,1.32000005,1.12
9.15480042,93.73000336,1.41999996,1.14999998,1.04999995
9.33360004,93.66999817,3.03999996,1.55999994,1.41999996
9.17409992,89.51000214,0.64999998,2.20000005,1.95000005
7.34450006,96.02999878,0.38,1.63999999,0.56
8.34290028,98.05000305,4.94000006,1.34000003,0.98000002
8.46090031,96.59999847,0.83999997,1,0.62
6.99209976,99.36000061,0.33000001,1.05999994,0.33000001
9.81919956,100.4700012,6.11000013,1.05999994,0.63999999
9.78689957,94.13999939,1.65999997,0.95999998,1.00999999
8.60929966,93.55000305,4.30999994,1.03999996,0.88999999
8.69489956,97.5,1.26999998,0.87,0.44999999
9.99660015,93.72000122,0.38999999,1.84000003,1.25999999
8.5866003,96.97000122,0.27000001,1.57000005,0.51999998
6.81239986,96.27999878,6.8499999,1.60000002,1.04999995
6.76739979,90.27999878,0.43000001,2.31999993,1.78999996
6.88269997,90.84999847,6.23999977,2.26999998,1.49000001
6.88749981,95.05000305,0.46000001,1.62,0.94
7.60820007,94.08000183,4.88000011,1.67999995,1.09000003
9.74289989,93.84999847,1.65999997,2.27999997,1.51999998
9.73950005,92.47000122,0.46000001,2.36999989,1.55999994
9.21539974,94.87000275,0.49000001,2.28999996,1.23000002
8.04609966,97.26000214,0.43000001,1.28999996,0.44999999
8.0017004,100.5899963,0.38999999,1.39999998,0.63999999
9.70400047,101.9300003,5.5,1.54999995,0.63999999
9.54510021,93.48000336,0.41999999,1.70000005,1.22000003
7.7803998,96.63999939,0.50999999,1.14999998,0.38
7.19740009,96.62000275,2.80999994,1.12,0.28999999
7.22900009,100.0500031,0.33000001,1.10000002,0.30000001
10.14220047,98.19000244,6.19999981,1.28999996,0.63999999
9.8071003,93.06999969,0.47999999,1.00999999,1.35000002
8.65769958,98.18000031,3.5,1.63999999,0.81999999
8.64690018,96.01999664,0.33000001,1.53999996,0.70999998
8.61380005,97.75,2.47000003,1.51999998,0.83999997
8.52330017,93.94000244,0.34999999,1.37,1.02999997
9.14700031,93.40000153,0.34,1.53999996,1.05999994
9.4552002,93.41000366,2.11999989,1.86000001,1.11000001
9.48390007,93.16999817,1.42999995,1.63999999,1.12
10.1505003,93.70999908,1.88999999,1.64999998,1.19000006
10.10809994,92.23000336,0.49000001,1.95000005,1.39999998
8.23620033,90.94999695,4.98999977,1.95000005,1.04999995
8.31750011,97.33000183,0.34,1.76999998,0.58999997
9.34710026,99.12999725,5.65999985,1.74000001,0.91000003
9.29230022,91.41000366,0.47999999,2.25,1.49000001
7.75250006,89.76000214,5.23000002,2.28999996,1.05999994
7.84849977,97.12999725,0.41,1.78999996,0.47999999
7.09320021,93.90000153,0.23999999,1.62,0.63
9.29380035,94.47000122,1.21000004,1.63,0.86000001
8.03619957,94.58000183,1.20000005,1.13999999,0.86000001
7.89830017,93.93000031,0.36000001,1.27999997,0.88999999
8.57750034,95.33000183,0.94,0.93000001,0.68000001
8.55449963,95.93000031,0.41,0.82999998,0.61000001
10.44069958,96.90000153,3.9000001,0.97000003,0.92000002
10.42850018,93.01000214,0.47,0.97000003,1.21000004
10.49650002,91.87000275,0.88999999,1.51999998,1.45000005
7.35179996,90.90000153,5.57000017,1.44000006,0.87
7.26060009,95.91999817,0.38999999,1.55999994,0.69
9.1868,92.01999664,3.53999996,1.36000001,1.00999999
9.2798996,95.93000031,0.88999999,1.20000005,0.72000003
9.13780022,94.94000244,1.78999996,1.16999996,0.97000003
9.01249981,94.43000031,0.36000001,1.34000003,1.15999997
9.33590031,94.48999786,4.09000015,1.16999996,1.13999999
9.33010006,91.16999817,1.01999998,1.39999998,1.38
8.90789986,92.91000366,1.11000001,1.08000004,1.39999998
8.67459965,91.75,2.9000001,1.55999994,1.30999994
8.7517004,94.37000275,0.28999999,1.69000006,1.12
9.6274004,93.08999634,0.38,1.38,1.20000005
8.79710007,93.16000366,4.01999998,1.00999999,1.03999996
8.78929996,95.58999634,0.41999999,1.29999995,1.14999998
9.48649979,97.94999695,5.32000017,1.29999995,1.38
9.45600033,92.01999664,0.69,1.20000005,1.52999997
8.02799988,90.01999664,6.3499999,1.16999996,0.94999999
8.12100029,99.13999939,1.34000003,0.69999999,0.49000001
10.01990032,99.58000183,4.63999987,0.75999999,0.72000003
9.87040043,93.58999634,0.50999999,1.19000006,1.30999994
8.73359966,92.47000122,3.92000008,1.17999995,1.08000004
8.68669987,95.23999786,0.31,0.79000002,0.81
9.66749954,95.13999939,0.33000001,1.75999999,1.25999999
8.84060001,94.37000275,2.45000005,1.59000003,1.13999999
8.8156004,96.38999939,0.28,1.5,1.04999995
8.1576004,94.75,0.73000002,1.13999999,0.87
8.52250004,95.68000031,1.19000006,1.82000005,0.69
10.9321003,96.44000244,1.98000002,1.17999995,0.76999998
10.82530022,93.83999634,0.47999999,1.30999994,1.02999997
8.16149998,93.23999786,3.70000005,1.55999994,1.14999998
8.23630047,96.66999817,1.5,1.21000004,0.82999998
10.5618,96.01999664,2.95000005,1.29999995,0.80000001
10.50199986,93.66000366,0.44,1.52999997,1.00999999
8.46870041,93.19000244,3.28999996,1.5,0.79000002
8.56910038,97.29000092,0.20999999,1.44000006,0.37
6.28259993,96.54000092,3.48000002,1.40999997,0.56
6.2269001,96.44000244,0.25999999,1.51999998,0.88
9.14760017,97.87999725,2.93000007,1.51999998,1.09000003
9.14780045,94.81999969,1.25,1.15999997,1.03999996
7.9217,92.88999939,2.1500001,1.62,1.12
7.89249992,94.41999817,0.23,1.77999997,1.12
7.76240015,94.76000214,3.48000002,1.29999995,0.93000001
7.74760008,95.19999695,0.49000001,1.01999998,0.75999999
9.0593996,93.86000061,3.45000005,1.45000005,0.82999998
9.14159966,96.79000092,0.23,1.65999997,0.81999999
8.86610031,97.05000305,3.08999991,1.60000002,0.74000001
8.80070019,94.97000122,0.49000001,1.88,0.99000001
8.23750019,94.77999878,1.17999995,1.38,0.97000003
8.30309963,96.52999878,2.3900001,0.77999997,0.63
8.29080009,95.76999664,0.49000001,0.86000001,0.58999997
8.33829975,95.62000275,1.91999996,0.99000001,0.76999998
8.35919952,94.76000214,0.80000001,1.03999996,0.86000001
9.34360027,93.87999725,2.36999989,1.04999995,0.74000001
9.32520008,94.73000336,1.44000006,1.13999999,0.79000002
8.62940025,93.16000366,0.47,1.36000001,1.24000001
8.53740025,91.69999695,3.77999997,1.46000004,1.25999999
7.01840019,95.54000092,4.0999999,0.99000001,0.63
6.98629999,98.12999725,0.28999999,1.28999996,0.77999997
6.99800014,99.65000153,4.78000021,1.35000002,0.54000002
6.97240019,96.09999847,0.51999998,1.13999999,0.44999999
9.86229992,95.75,4.4000001,1.13999999,0.74000001
9.82470036,95.15000153,0.38999999,1.44000006,1.08000004
7.86590004,100.8399963,0.47999999,1.19000006,0.49000001
9.94709969,100.9400024,3.6400001,2,0.69
9.8362999,95.05000305,0.34,2.1400001,1.02999997
6.00409985,94.90000153,0.46000001,1.75,1.17999995
9.39000034,96.48000336,3.81999993,1.77999997,1.38
9.32339954,90.97000122,0.5,1.94000006,1.59000003
9.38679981,91.01999664,2.1400001,1.70000005,1.23000002
9.4005003,93.83999634,0.60000002,1.73000002,1.14999998
8.4296999,92.87000275,1.14999998,1.71000004,1.25
8.49499989,93.51999664,1.13,1.64999998,1.20000005
7.53980017,93.58999634,5.01000023,1.25,0.81
7.54500008,97.84999847,0.43000001,1.25,0.49000001
8.81919956,96.05000305,1.21000004,0.85000002,0.63999999
9.32549953,94.51999664,1.89999998,1.13999999,1.02999997
9.19729996,92.62000275,0.38,1.14999998,1.23000002
8.50139999,92.52999878,1.78999996,1.19000006,1.30999994
8.59640026,93.30999756,1.49000001,1.17999995,1.24000001
8.55879974,93.47000122,1.55999994,1.17999995,1.24000001
8.37510014,95.41999817,0.77999997,0.77999997,0.80000001
10.02639961,92.84999847,4.0999999,1.15999997,0.86000001
9.85760021,95.04000092,0.51999998,1.38999999,1.09000003
8.89770031,95.77999878,3.80999994,1.01999998,0.93000001
8.9435997,96,0.52999997,0.91000003,0.69
9.56840038,95.11000061,2.11999989,1.55999994,0.75999999
9.66419983,95.98000336,1.38999999,1.47000003,0.72000003
9.8118,96.12000275,1.78999996,1.12,0.75
9.73630047,94.25,0.34,1.34000003,0.88
9.48260021,94.26999664,3.03999996,1.80999994,1.37
9.44869995,91.05999756,0.49000001,1.87,1.62
9.59119987,91.48999786,1.00999999,1.86000001,1.61000001
9.63389969,91.88999939,0.88999999,1.66999996,1.50999999
10.49940014,93.59999847,1.5,1.08000004,1.25999999
10.80000019,93.04000092,3.18000007,0.89999998,0.89999998
10.76200008,94.80999756,0.41,1.27999997,0.92000002
8.21310043,94.95999908,2.06999993,1.25999999,0.73000002
8.17520046,94.76999664,0.27000001,1.22000003,0.67000002
9.52289963,94.51000214,2.25,1.47000003,1.10000002
9.50720024,92.34999847,0.41,1.37,1.25999999
8.92940044,92.62999725,0.94,1.61000001,1.16999996
9.02799988,94.34999847,0.38999999,1.57000005,1
9.11520004,93.86000061,1.96000004,1.59000003,0.81
9.20810032,96.77999878,0.66000003,1.41999996,0.5
9.05850029,93.22000122,1.50999999,1.49000001,1.13999999
7.9618001,92.25,2.52999997,1.49000001,1
7.94460011,94.18000031,1.05999994,1.42999995,0.91000003
10.84060001,93.80999756,2.07999992,1.41999996,1.27999997
10.6281004,90.44999695,0.54000002,1.5,1.57000005
7.32320023,97.97000122,0.89999998,0.55000001,0.34
8.4218998,96.87999725,0.66000003,0.68000001,0.56999999
6.99450016,96.20999908,0.31999999,0.94,0.47
9.31439972,96.68000031,5.15999985,1.00999999,0.57999998
9.49120045,98.22000122,1.25999999,1.04999995,0.60000002
9.40880013,97.65000153,0.30000001,1.33000004,0.51999998
8.83419991,91.30999756,3.23000002,1.60000002,1.15999997
8.97840023,96.08999634,0.47999999,1.76999998,0.95999998
9.66359997,97.73000336,3.45000005,1.26999998,1.02999997
9.58689976,94.30999756,1.28999996,0.83999997,1.03999996
9.80679989,92.47000122,4.07999992,1.10000002,0.98000002
9.71720028,95.45999908,0.47999999,1.49000001,1.01999998
7.91809988,95.20999908,2.61999989,1.27999997,0.67000002
7.90929985,98.36000061,0.34,1.11000001,0.47999999
8.63619995,98.01999664,1.01999998,0.68000001,0.41999999
7.6487999,96.70999908,3.28999996,0.47,0.43000001
8.14719963,98.69000244,0.31,1.38,0.56
7.53700018,98.94999695,3.32999992,1.34000003,0.60000002
7.6184001,98.08000183,0.73000002,0.82999998,0.38
10.8991003,97.77999878,3.41000009,0.86000001,0.73000002
10.80679989,94.65000153,1.30999994,0.88999999,1.02999997
7.7105999,91.69000244,5.57000017,1.26999998,0.77999997
7.7052002,98.51999664,0.43000001,1.37,0.5
8.56939983,93.68000031,0.74000001,1.26999998,1.21000004
8.62829971,94.25,1.14999998,1.17999995,1.10000002
8.60429955,93.93000031,1.12,1.48000002,1.17999995
8.66189957,94.15000153,1.08000004,1.36000001,1.08000004
8.68560028,94.91999817,1.24000001,0.98000002,0.97000003
7.41809988,98.29000092,1.86000001,0.94999999,0.31999999
9.59469986,97.01999664,6.03999996,0.95999998,0.75
9.36120033,91.90000153,0.67000002,1.46000004,1.5
7.45499992,102.3600006,5.73000002,1.61000001,0.81999999
8.8980999,98.81999969,4.71999979,1.28999996,1.15999997
8.85849953,93.83999634,1,1.67999995,1.44000006
8.4034996,91.87000275,2.75999999,1.27999997,1.38
8.33969975,94.41999817,0.44,0.73000002,1.17999995
9.35499954,94.19999695,1.38,0.92000002,1.14999998
9.51519966,95.12000275,0.89999998,0.79000002,0.86000001
9.91679955,94.63999939,2.49000001,0.81,0.79000002
9.79909992,94.36000061,0.44999999,1.15999997,1.04999995
9.6953001,95.44999695,2.3499999,1.17999995,1.13
8.64210033,93.76000214,0.41999999,1.46000004,1.26999998
7.27950001,91.80999756,3.53999996,1.41999996,1.22000003
7.33400011,94.98999786,0.50999999,1.25,0.86000001
8.6590004,94.98999786,2.06999993,1.45000005,0.81
8.72599983,96.68000031,0.63999999,1.41999996,0.74000001
6.68190002,94.31999969,3.45000005,1.40999997,0.63999999
6.73689985,101.8700028,1.05999994,1.23000002,0.34999999
9.13469982,102.5299988,4.67999983,1.25999999,0.56
9.11439991,96.51999664,1.02999997,1.44000006,0.89999998
8.41259956,96.73000336,4.38000011,1.25,0.49000001
8.37010002,98.52999878,0.40000001,1.33000004,0.28999999
10.38379955,99.87999725,3.29999995,1.38,0.47999999
10.39519978,96.75,1.03999996,1.33000004,0.72000003
8.06840038,95.66000366,2.45000005,1.32000005,0.70999998
7.96159983,96.18000031,0.5,1.65999997,0.97000003
7.21229982,96.33999634,3.92000008,1.76999998,0.88
7.27409983,97.12999725,0.37,1.65999997,0.56
8.34910011,97.55999756,1.76999998,1.65999997,0.75999999
8.41419983,97.12000275,0.76999998,1.28999996,0.69
8.13479996,92.25,1.75999999,2.1400001,1.73000002
8.01519966,96.75,0.60000002,1.12,0.74000001
6.54960012,94.19000244,3.27999997,1.09000003,0.70999998
6.4204998,96.52999878,0.23999999,1.13999999,0.77999997
7.24650002,97.12999725,3.8599999,1.19000006,0.97000003
8.84500027,96.13999939,3.56999993,1.28999996,1.13
8.86079979,92.73000336,0.94999999,1.55999994,1.28999996
7.34600019,91.95999908,6.32999992,1.24000001,0.95999998
7.43419981,97.33999634,0.58999997,0.86000001,0.43000001
6.20149994,95.88999939,4.42999983,0.86000001,0.56
8.59860039,100.4400024,4.11999989,1.36000001,0.72000003
8.55760002,95.16000366,0.38,1.54999995,0.83999997
8.89120007,95.87999725,5.96999979,0.91000003,0.79000002
8.79240036,95.43000031,0.70999998,1.15999997,1.22000003
7.69490004,94.05999756,6.78000021,1.07000005,1.00999999
7.83519983,98,1.19000006,0.67000002,0.38999999
7.99529982,97.91999817,2.31999993,0.74000001,0.37
7.93249989,96.37999725,0.46000001,0.94999999,0.61000001
8.88759995,97.34999847,0.36000001,1.72000003,0.54000002
7.53319979,97.37000275,3.3499999,1.66999996,0.72000003
7.45529985,95.01999664,0.36000001,1.47000003,0.76999998
9.2215004,97.30999756,2.00999999,1.24000001,0.83999997
7.48330021,94.73000336,6.51000023,1.21000004,1.35000002
7.54099989,92.37999725,1.25,1.63999999,1.69000006
8.92940044,93.09999847,7.86000013,1.34000003,1.11000001
9.0326004,99.26000214,0.77999997,0.87,0.41
8.56000042,96.44999695,0.62,1.78999996,1.10000002
9.63710022,94.47000122,0.75,1.33000004,1.38999999
10.50419998,95.44999695,1.42999995,0.89999998,0.87
8.75930023,93.68000031,2.03999996,0.89999998,0.85000002
8.64039993,92.63999939,0.69,1.20000005,1.08000004
7.41219997,93.27999878,5.32000017,1.19000006,0.76999998
7.5170002,99.83999634,0.5,1.15999997,0.40000001
8.91059971,98.37000275,5.44000006,1.17999995,0.58999997
8.81830025,96.43000031,0.5,1.45000005,1.07000005
7.93359995,91.91000366,3.28999996,1.41999996,1.34000003
8.02760029,96.33999634,0.61000001,1.34000003,1.16999996
10.39299965,95.26000214,0.88,1.22000003,1.25
7.62190008,92.02999878,5.73000002,1.47000003,0.94999999
7.7974,100.4100037,0.44,1.36000001,0.49000001
9.77219963,101.3700028,4.8499999,1.60000002,0.68000001
9.76290035,94.36000061,1.5,1.38,0.94
9.20040035,93.18000031,2.55999994,1.30999994,1.16999996
8.9822998,90.58000183,0.64999998,1.34000003,1.47000003
7.73579979,93.91000366,4.15999985,0.79000002,0.56
7.80709982,99.58000183,0.38999999,1,0.41999999
9.32610035,100.4000015,2.57999992,0.81,0.49000001
9.26299953,95.16999817,1.44000006,0.54000002,0.62
9.84379959,93.69000244,3.70000005,0.58999997,0.75999999
9.69139957,94.09999847,0.60000002,0.85000002,1.10000002
7.9073,98.20999908,4.26000023,0.80000001,0.76999998
7.97329998,96.81999969,0.36000001,0.77999997,0.51999998
8.05930042,97.02999878,0.68000001,1.04999995,0.64999998
8.62469959,102.2399979,6.34000015,1.15999997,1.09000003
8.47420025,92.51999664,1.33000004,1.30999994,1.51999998
5.9927001,89.62999725,6.34000015,1.32000005,1.07000005
6.13670015,99.23000336,0.46000001,1.02999997,0.49000001
7.62529993,98.19000244,0.34999999,0.79000002,0.57999998
9.62660027,93.83000183,0.68000001,1.00999999,1.01999998
7.45149994,95.40000153,3.45000005,0.86000001,0.85000002
7.53709984,96.94999695,0.92000002,0.60000002,0.52999997
8.76060009,93.95999908,0.95999998,2.0999999,1.51999998
8.99209976,93.73999786,5.88000011,2.00999999,1.51999998
8.94869995,92.33999634,0.62,1.74000001,1.28999996
9.38780022,93.31999969,1.48000002,1.76999998,1.17999995
9.55749989,95.70999908,1.45000005,1.38999999,0.87
7.12669992,92.62999725,6.8499999,1.86000001,1.07000005
7.20079994,99.83999634,0.34999999,1.03999996,0.38
8.89340019,101.6699982,3.63000011,0.99000001,0.47
8.91489983,96.97000122,0.41999999,1.07000005,0.60000002
9.82110023,96.43000031,3.75999999,0.94999999,0.75
9.67370033,92.58999634,2.1500001,0.94999999,1.23000002
9.0145998,93,3.49000001,0.91000003,1.04999995
9.13560009,95.66999817,1.41999996,0.61000001,0.63999999
9.21409988,94.91999817,2.08999991,0.60000002,0.57999998
9.23359966,95.48000336,0.52999997,1.38999999,0.69999999
10.00520039,95.22000122,3.1099999,1.82000005,1.64999998
7.03249979,97.51000214,0.55000001,1.04999995,0.47
6.42259979,96.75,2.23000002,1.07000005,0.41999999
6.44509983,98.58999634,0.98000002,0.69,0.34
9.57859993,97.93000031,4.32000017,0.61000001,0.44999999
9.60519981,95.23999786,1.24000001,0.63999999,0.63
8.34010029,94.75,3.6400001,0.68000001,0.63
8.38679981,99.29000092,1.42999995,0.85000002,0.52999997
8.56989956,99.66000366,4.32999992,0.85000002,0.46000001
8.54119968,96.19999695,0.58999997,1.16999996,0.43000001
8.49110031,96.30000305,3.50999999,1.70000005,0.56
8.84150028,98.48000336,3.82999992,0.76999998,0.40000001
8.94439983,97.72000122,0.47999999,1.32000005,0.5
8.28509998,96.86000061,3.51999998,1.54999995,0.5
8.09840012,94.68000031,1.32000005,1.28999996,0.88
7.57980013,93.94000244,4.17000008,1.40999997,0.88
7.5637002,97.51000214,0.40000001,1.50999999,0.70999998
8.13860035,97.31999969,3.58999991,0.43000001,0.47999999
8.85569954,99.55000305,3.5999999,0.83999997,0.56
8.88249969,95.88999939,0.75999999,0.69,0.60000002
5.7421999,94.93000031,4.1500001,0.92000002,0.62
5.81430006,100.6699982,0.33000001,1.17999995,0.44
6.78189993,102.7200012,1.89999998,0.94999999,0.52999997
8.11810017,101.449997,4.82999992,0.57999998,0.52999997
8.09689999,97.98999786,0.81,0.36000001,0.41999999
8.4385004,97.55999756,3.47000003,0.44999999,0.46000001
8.3774004,98.05000305,0.54000002,0.73000002,0.66000003
8.49230003,97.19999695,4.19000006,1.17999995,1.02999997
8.51010036,95.18000031,0.80000001,1.55999994,1.32000005
8.6619997,97.58999634,0.49000001,0.80000001,0.82999998
7.13199997,97.19999695,3.93000007,0.81999999,0.52999997
7.16079998,100.1500015,0.36000001,0.86000001,0.44
